{
  "theta": [
    0.0,
    0.0,
    0.0,
    0.0,
    0.0,
    0.0,
    0.0,
    0.0
  ],
  "t": 1.0,
  "u": 2.0,
  "dv": 0.5,
  "ansatz": "hea",
  "reps": 1,
  "backend": "ibm_fez",
  "E_final": 0.05706032639446312,
  "E_opt": 0.02734375,
  "shots_final": 512,
  "resilience_final": 1
}