{
  "theta": [
    4.712460442315587,
    3.249080670498777,
    6.283221386705378,
    4.7123891036839805,
    6.283202747186506,
    0.6343579213915368,
    2.1881473224632337,
    -5.385364402565896e-07,
    4.712394915009972,
    4.2582085471091276,
    3.0032271867758245,
    1.5708133390529744,
    4.912551939215017,
    1.5707969570815352,
    4.71237136126805,
    3.3997879023920845,
    3.1417413598387105,
    4.712554538044868,
    -5.2537596535371e-06,
    3.141576421137886,
    1.7196929922588275,
    4.597258094642582,
    2.285637330662532,
    6.998019273349081
  ],
  "t": 1.0,
  "u": 2.0,
  "dv": 0.5,
  "ansatz": "clustered",
  "reps": 2
}