{
  "best_energy": -0.5063129706934557,
  "budget": {
    "budget_k": 2000.0,
    "max_circuits_executed": null,
    "max_pauli_terms_measured": 8000,
    "max_time_s": 200.0
  },
  "energy": -0.5055207978179779,
  "operators": [
    "uccsd_exc(((0,), (1,)))",
    "uccsd_exc(((2,), (3,)))",
    "uccsd_exc(((0, 2), (1, 3)))"
  ],
  "pool": "uccsd_excitations",
  "stop_reason": "pool_exhausted",
  "theta": [
    -2.556668457422209,
    -0.46461641284101285,
    0.054722802451389274
  ]
}