{
  "t_values": [
    0.5,
    0.75,
    1.0,
    1.25,
    1.5
  ],
  "u_values": [
    2.0,
    3.0,
    4.0,
    5.0,
    6.0
  ],
  "exact_vs_t": [
    -0.23922030290498672,
    -0.5056045581469936,
    -0.8360571181551805,
    -1.2106205441830444,
    -1.6155112812876382
  ],
  "adapt_vs_t": [
    -0.12686401214188092,
    -0.2851494917617772,
    -0.506312970694071,
    -0.7900978680401595,
    -1.1362799230909697
  ],
  "exact_vs_u": [
    -1.2575451682312506,
    -1.012585941919299,
    -0.8360571181551805,
    -0.7063916459390859,
    -0.608743264769344
  ],
  "adapt_vs_u": [
    -1.0311887134138917,
    -0.6796591249283562,
    -0.506312970694071,
    -0.4034101249264693,
    -0.3354112972755108
  ],
  "u_fixed": 4.0,
  "t_fixed": 1.0,
  "dv": 0.5
}