{
  "ansatz": "vqe_cse_ops",
  "budget": {
    "max_circuits_executed": null,
    "max_pauli_terms_measured": 32000,
    "max_time_s": 200.0
  },
  "energy": -0.7350110967500606,
  "n_params": 4,
  "n_sites": 4,
  "num_particles": [
    2,
    2
  ],
  "optimal_point": [
    3.1151360436502085,
    2.6254364891380493,
    2.6490227157985573,
    2.6489430164635466
  ],
  "optimizer": {
    "maxiter": 100000,
    "name": "COBYLA"
  },
  "seed": 7,
  "stop_reason": null
}