{
  "ansatz": "vqe_cse_ops",
  "budget": {
    "max_circuits_executed": null,
    "max_pauli_terms_measured": 18000,
    "max_time_s": 200.0
  },
  "energy": -0.9647122265811829,
  "n_params": 4,
  "n_sites": 3,
  "num_particles": [
    2,
    1
  ],
  "optimal_point": [
    2.6426013393422645,
    2.6426978247447086,
    0.5152131604011108,
    0.5152412288422973
  ],
  "optimizer": {
    "maxiter": 100000,
    "name": "COBYLA"
  },
  "seed": 7,
  "stop_reason": null
}