{
  "best_energy": -0.9647116390242694,
  "budget": {
    "budget_k": 2000.0,
    "max_circuits_executed": null,
    "max_pauli_terms_measured": 18000,
    "max_time_s": null
  },
  "energy": -0.6952929042179026,
  "operators": [
    "uccsd_exc(((3,), (4,)))",
    "uccsd_exc(((1,), (2,)))",
    "uccsd_exc(((0,), (2,)))",
    "uccsd_exc(((3,), (5,)))",
    "uccsd_exc(((1, 3), (2, 4)))"
  ],
  "pool": "uccsd_excitations",
  "stop_reason": "budget:max_pauli_terms_measured",
  "theta": [
    -2.428769735667912,
    -2.4289558317477664,
    1.5710612672820155,
    -1.5706484785604409,
    0.0
  ]
}