{
  "ansatz": "uccsd",
  "budget": {
    "max_circuits_executed": null,
    "max_pauli_terms_measured": 18000,
    "max_time_s": 200.0
  },
  "energy": -1.2360678489054062,
  "n_params": 16,
  "n_sites": 3,
  "num_particles": [
    2,
    1
  ],
  "optimal_point": [
    0.5507999077344673,
    -0.008898324757237282,
    -0.26667282850972374,
    -0.5411249210745137,
    -0.06870648829001107,
    0.14662863861094905,
    1.2372042631974016,
    0.7992870121765172,
    -0.3321682432170688,
    0.1096049143451986,
    0.35344088985232314,
    0.23686527068430238,
    -0.5253264579890377,
    -0.3672939818604974,
    0.3098843620878752,
    0.9078124546399394
  ],
  "optimizer": {
    "maxiter": 100000,
    "name": "COBYLA"
  },
  "reps": 2,
  "seed": 7,
  "stop_reason": null
}